file,channel,mean,std,iqr,min,max,rms,skewness,kurtosis,moving_average,power_delta,power_theta,power_alpha,power_beta_low,power_beta_mid,power_ratio_index,delta_alpha_ratio,theta_alpha_ratio,theta_beta_ratio,theta_beta_alpha_ratio,engagement_index
UnicornRecorder_12_05_2025_12_24_420.csv,Fz (ch1),-0.9079249485660179,8.610077687215954,13.541635438108237,-20.195845245956093,17.947941743840417,8.657815284014937,-0.16304055467408649,-0.7082690202197046,-0.8036093869693397,0.36572994009043486,0.23562764133368236,0.33008096301375306,0.02002954039855027,0.0485319151635794,0.2077110262165377,1.1080007061031159,0.7138480183235067,3.436736274073981,0.5910751850629512,0.12119570930199602
UnicornRecorder_12_05_2025_12_24_420.csv,C3 (ch2),-0.9929587198125434,8.577607747122073,11.936320855211981,-25.370013329106346,17.311159649099938,8.634889789843317,-0.35769419805381003,-0.12168533893411526,2.0226420253808874,0.35689074549637345,0.17306989253059316,0.3834752707247487,0.028927403965822072,0.05763668728246275,0.22573578495604973,0.9306747337888781,0.45131956541421797,1.9993266264898537,0.3682029773083606,0.15553830481960254
UnicornRecorder_12_05_2025_12_24_420.csv,Cz (ch3),0.6988535883113425,11.784710855445699,20.013464064420308,-23.310941122897336,22.231709603918674,11.805414278387493,-0.3682662329205161,-1.0287053247701516,-6.225368279507023,0.6164058087105722,0.1909494761151721,0.13015871609280497,0.026704893694437487,0.035781105387013255,0.4800754106770488,4.735801237245351,1.4670510116204778,3.0558761790184183,0.9912001787458836,0.19459484559328677
UnicornRecorder_12_05_2025_12_24_420.csv,C4 (ch4),-0.9694064046492071,8.86802276562811,13.89950023511873,-16.8252629864064,23.262647080389293,8.920850662861325,0.45184222258346024,-0.5627132558793324,0.6824169927421281,0.27713499679792375,0.1606082031358365,0.4903298168307258,0.020273933102747298,0.051653050132766706,0.14669102462586933,0.5652011916982763,0.32755136975747595,2.2329339548406932,0.2856491964470953,0.11049743758892555
UnicornRecorder_12_05_2025_12_24_420.csv,Pz (ch5),-0.9470048716862575,13.607093927588176,15.007139035762158,-40.999661688480074,43.25300622806279,13.640008188458118,0.4177599886422273,0.7761787287519741,-0.42098654658737156,0.26045769077067565,0.14660836834508592,0.5279308438916527,0.021339316256030052,0.043663780736555975,0.12312805312418272,0.49335569949030944,0.2777037372250491,2.2554058979960208,0.2472591940452081,0.0963666689991809
UnicornRecorder_12_05_2025_12_24_420.csv,PO7 (ch6),-0.11378859564572236,9.992795937608136,12.8986334716359,-23.917477430629702,27.885652661243757,9.993443775554887,0.0820513359226996,-0.2292716659118459,0.21715880296021633,0.20117416150125783,0.13239309654417244,0.5972378407657267,0.02688559726951355,0.04230930391932942,0.1158581999762896,0.3368409497350833,0.22167566672337685,1.9133360156531243,0.19865935181377628,0.09483548140647652
UnicornRecorder_12_05_2025_12_24_420.csv,Oz (ch7),-0.3604187876652445,12.630441943493953,17.944692030320983,-33.71646359838326,36.03351546503812,12.635583302343955,0.06219759365553803,-0.15903794535981852,-3.2387632586982322,0.196144948910664,0.12510561148586294,0.6141268354176783,0.027292016308867507,0.03733058787692714,0.10522680407190428,0.3193883373900481,0.2037129860980207,1.9359419673985172,0.18431781182603985,0.08741851694481549
UnicornRecorder_12_05_2025_12_24_420.csv,PO8 (ch8),-0.7560544631831005,14.133647197934518,15.862234031191242,-41.301498692935596,50.76739147745008,14.153854650482366,0.3280659240404995,0.995589109470064,-0.022497677505431923,0.2328108093653387,0.13005119167248227,0.5700093331872214,0.02444282251483699,0.042685843260120766,0.11776766074970413,0.4084333287379196,0.228156249556999,1.9373421201080638,0.20411777650104052,0.09588980294012542
UnicornRecorder_12_05_2025_12_31_050.csv,Fz (ch1),0.31367781817131196,7.253221522052794,9.77002025516718,-16.603284857496952,15.554960658569463,7.2600011171887955,-0.1413927691957195,-0.5894407680820626,4.9132229320097185,0.300096697773524,0.25479792876535196,0.364627557241158,0.022503630425107106,0.057974185794858975,0.22071238067927906,0.8230225385160496,0.6987895558229388,3.1660641495157527,0.572444063714738,0.1299233209450479
UnicornRecorder_12_05_2025_12_31_050.csv,C3 (ch2),0.755148907723288,7.468431386144278,8.820768657534511,-15.0476683564289,26.13031325674151,7.506511656047742,0.7299363701816164,0.5684720757181085,3.279597466881131,0.322581823234836,0.18852026346328404,0.39393700051810465,0.02543319652864728,0.06952771625512803,0.24105608932109204,0.818866526400357,0.4785543455307392,1.985240642037025,0.385602511964248,0.1630349875537128
UnicornRecorder_12_05_2025_12_31_050.csv,Cz (ch3),0.4671325701796093,10.233281699889282,15.614001211359877,-21.86561152072988,23.920955432654743,10.24393807026436,-0.11590834979856128,-0.70364607333015,-2.154496165017176,0.5497092310847765,0.18855697261063267,0.19481368000126478,0.026784637405512297,0.04013547889781371,0.3435083013825905,2.821717813046844,0.96788363429821,2.8176426316411107,0.7204150754425342,0.17455722248795114
UnicornRecorder_12_05_2025_12_31_050.csv,C4 (ch4),0.5378290562945209,8.973758462201372,11.640092981881715,-24.786524913948778,27.0068805220697,8.989861012925918,0.1500770231990174,0.018718473900597665,2.8138107079698926,0.26377615685906575,0.17318284154292712,0.48000051646146497,0.02074257317471037,0.06229791196183189,0.17300082455892285,0.5495330688466916,0.3607971983439115,2.085522998308176,0.30758477810923973,0.1271319670333424
UnicornRecorder_12_05_2025_12_31_050.csv,Pz (ch5),0.9467553723770682,11.645277559872149,15.567924012708843,-22.169224519924043,30.801480095295318,11.683699550295987,0.42475564115932346,-0.31983689670193494,4.523313996599379,0.21704289882763095,0.15739634405284772,0.5568820106798079,0.019896599725664776,0.048782146714048576,0.1233272849950288,0.38974665129275426,0.2826385859739081,2.291776600654924,0.2516084045578568,0.09615123569776776
UnicornRecorder_12_05_2025_12_31_050.csv,PO7 (ch6),0.6004401490123463,9.825135304014532,14.879119867326082,-20.534695939752524,23.41556419616748,9.843465452509024,0.1548862010875361,-0.7823650354709937,1.9213432852581218,0.18450332611283835,0.12305116854497955,0.6295230025720029,0.02277525194270593,0.0401472508274733,0.09995266656357382,0.2930843279102187,0.19546731103110937,1.955598762408049,0.17770520220818245,0.0836097027842301
UnicornRecorder_12_05_2025_12_31_050.csv,Oz (ch7),0.1527691888354989,11.343207837835607,17.02911437505069,-29.462567610228763,24.18857094896412,11.344236531269638,-0.1707578866891292,-0.5478774938869617,1.8957818907743804,0.1502713883761628,0.11270440976578026,0.6809498037099666,0.021732884263448212,0.03434151388464213,0.0823473299244445,0.2206790978680818,0.16551059880147034,2.0099085052706624,0.15291819384173486,0.0706534372223854
UnicornRecorder_12_05_2025_12_31_050.csv,PO8 (ch8),0.06044971559339069,11.017606728644745,14.988163932171421,-23.733061103348696,28.768667269946356,11.017772560513004,0.06590458899442048,-0.35564329398320194,1.7914226868547665,0.20069180705996323,0.1293408333387798,0.6030363462941096,0.02279531651730046,0.04413569678984689,0.11099001530913381,0.33280217402034157,0.21448264956769023,1.9324499502978227,0.19305542499228515,0.09138872041411382
UnicornRecorder_12_05_2025_12_37_430.csv,Fz (ch1),0.5105037341956692,9.129607291585527,13.290069772423106,-23.94205777357618,21.611752946994606,9.143869167983505,-0.177062408418707,-0.5782076242817116,12.469181304252622,0.5229306428655764,0.22112473861610948,0.19340823223936507,0.019503349015171048,0.043033037263777836,0.3233388028775987,2.7037662089708223,1.1433057220772382,3.5359372642634592,0.863955413074204,0.1508598607968194
UnicornRecorder_12_05_2025_12_37_430.csv,C3 (ch2),0.3701443820010331,9.555032859083417,12.614573991938524,-24.208505488630422,23.486781360387127,9.562199527393826,0.026026162995233398,-0.16908195638308499,-1.6819504473691282,0.4945420507980152,0.15798340967017116,0.26384898125073786,0.027432544983887898,0.056193013297188024,0.3169447836586713,1.8743375413227306,0.5987645240139784,1.8891761432452172,0.45466182898763624,0.19824356801646179
UnicornRecorder_12_05_2025_12_37_430.csv,Cz (ch3),0.4096475090301609,9.766669806563016,11.50651339886155,-27.251922490759426,25.28439114056464,9.775257039693855,-0.1681694494164113,0.4174679368481904,1.7460118712468575,0.4693544503117215,0.2292937884040201,0.15212439844250353,0.054580598143523854,0.094646764698231,0.9809561409582591,3.085333155740414,1.507278193055161,1.536539841203051,0.7608841820829193,0.39124343827317676
UnicornRecorder_12_05_2025_12_37_430.csv,C4 (ch4),0.30196710552762185,8.04466858792226,11.70069081657952,-20.48643672878547,18.522421036563856,8.050333957192326,0.27676393670673455,-0.44943303562627523,-0.7441010981562205,0.4356560954222443,0.1456449610351329,0.34592311435826484,0.021501689467465078,0.05127413971689292,0.21038151590236234,1.2594015182548486,0.4210327526257516,2.001282055697099,0.34785127424212503,0.14804832296343926
UnicornRecorder_12_05_2025_12_37_430.csv,Pz (ch5),0.9385390671790003,10.427665353683912,16.682688250384807,-20.980505497692917,24.914759331373332,10.46981663206386,0.2540071215280259,-0.8202553376871422,-11.3765989445312,0.4803570223374917,0.16075175632214284,0.2894677107156683,0.024106567909727997,0.04531694271496916,0.23983162216282175,1.659449411990983,0.5553357088592253,2.3155232986007483,0.44791219947307936,0.15419926437536008
UnicornRecorder_12_05_2025_12_37_430.csv,PO7 (ch6),0.6480632442224293,9.484583680733344,13.426996377741347,-18.445016795104316,23.759657402036048,9.506698352495748,0.32125282413747314,-0.5149722752056909,-7.61201321126741,0.4781948978749373,0.16736139498268043,0.2662305620070626,0.03434970424227287,0.05386344089304686,0.33134116710830364,1.7961683071617138,0.6286332933415836,1.8972387247495441,0.47218046648928175,0.20344737422656223
UnicornRecorder_12_05_2025_12_37_430.csv,Oz (ch7),0.8558426075992321,9.849664501366377,13.257249969051042,-18.137927162608406,23.474242710776053,9.886776894340198,0.21421686608348606,-0.6597449046217974,-16.557801869738586,0.47200756149223044,0.16585018058048567,0.2763418131804176,0.033148574943222674,0.05265186980364353,0.31048665332035347,1.7080569750190748,0.6001631771598953,1.9329757680136408,0.4579696982333044,0.19403436958937612
UnicornRecorder_12_05_2025_12_37_430.csv,PO8 (ch8),0.9337999513571267,8.06471757412273,12.134201072249,-18.65342625507493,18.652433938222085,8.118599134057462,0.1314222558116909,-0.6343111224033651,-15.671388229633868,0.45065006839146005,0.1363715533489433,0.32619404553788695,0.03168476015151738,0.05509957257019226,0.2660512474364888,1.381539836658722,0.418068800502074,1.5713844777287675,0.330214753430071,0.1876151899980396
UnicornRecorder_12_05_2025_12_41_310.csv,Fz (ch1),0.40458469292765614,6.4962081176330155,9.735023631899836,-19.289565277116512,17.44101036085182,6.508794718022105,-0.006366127261014454,-0.40540138542388116,-13.088069008564648,0.5423729315791685,0.23807031998610403,0.1484425452310659,0.02430061680540637,0.04681358639825506,0.4790688753885549,3.6537566149577265,1.6037876446777668,3.3477183074709127,1.084322489212308,0.18398922675886742
UnicornRecorder_12_05_2025_12_41_310.csv,C3 (ch2),0.03443950778777466,7.822896081468397,8.196839750971915,-18.425690150976052,24.63938145471337,7.822971889323791,0.6227617458427198,1.0022285844954641,-1.2592380723815524,0.5315591922242227,0.174073308759342,0.21088299117894255,0.027740355703182056,0.055744152134310804,0.39588070792609803,2.5206356816760707,0.8254497329831305,2.0850971427918714,0.591346902565568,0.2168674934034771
UnicornRecorder_12_05_2025_12_41_310.csv,Cz (ch3),-0.06600790325934269,3.098237392763558,4.380489987585541,-7.429216026509645,7.711974113599672,3.098940461708005,0.12223736348415508,-0.42550712570266125,2.4496843512726265,0.4986254643280836,0.25972633680011326,0.09886093208594904,0.04169824741660808,0.10108901936924593,1.44432450486827,5.043705878623336,2.627188833039819,1.8189740769367009,1.0748118049822537,0.3981939103120343
UnicornRecorder_12_05_2025_12_41_310.csv,C4 (ch4),0.3506276896489719,7.515921348879898,11.45477483879722,-21.161302895884276,15.873669226672684,7.524095526991746,-0.44556705702249666,-0.27447318378223384,-10.895047148982922,0.5099199737546197,0.151447993310816,0.2545151540920811,0.027779028012182225,0.05633785083030092,0.33049850859587904,2.0034955308403197,0.5950450921127611,1.8004471325477585,0.4472346930630781,0.2072032384727808
UnicornRecorder_12_05_2025_12_41_310.csv,Pz (ch5),0.8677739401997424,8.466778524687816,12.209400740204666,-21.212829327708356,21.963017360489616,8.5111321337061,-0.0343888157478359,-0.1427538790190539,3.0500429743499793,0.562159426075083,0.16823045028569306,0.19751580426229273,0.024902778602910874,0.047191540774020276,0.36500532018791215,2.846149087536098,0.8517315913732657,2.3334771968112054,0.6239767558239355,0.19711567372311228
UnicornRecorder_12_05_2025_12_41_310.csv,PO7 (ch6),0.276851603962439,6.24166053778004,7.490013544691102,-16.8215465272423,14.007831665598552,6.247797458264567,-0.30630066200265416,-0.07346714781422303,5.692815558891005,0.5461521784382048,0.16217183584192796,0.20759332043610207,0.028751092326200774,0.055331572957564204,0.40503550454864423,2.6308754891095467,0.7811996816720556,1.9287190206759626,0.555999958109962,0.22739477707992153
UnicornRecorder_12_05_2025_12_41_310.csv,Oz (ch7),0.563956590112703,8.343857029652934,11.147325855627164,-16.362327346554622,21.8533629581084,8.362894066459303,0.3289300363665158,-0.21592574120640817,4.916282911577278,0.5601911573950982,0.17774405157011489,0.18562639445403184,0.028468751226366194,0.04796964535438877,0.4117862484242995,3.0178421503188915,0.9575365189465611,2.325324176342886,0.6782446847143268,0.21035942085305276
UnicornRecorder_12_05_2025_12_41_310.csv,PO8 (ch8),0.848552901678997,8.020392386284932,12.652581139096693,-17.47934599632032,18.0352136391396,8.065155674686332,-0.0453844923445934,-0.7117517368588291,10.482734365240955,0.5208619547804216,0.14772243165070878,0.23510732814847457,0.0321959737996947,0.0641123116207004,0.40963540430170964,2.215422032491849,0.6283191290295271,1.5338496683425096,0.4457316601953377,0.2515694847519546
UnicornRecorder_12_05_2025_12_45_530.csv,Fz (ch1),0.22733628400605937,8.395727439647624,11.026498857990154,-23.65235072368788,21.38499073170921,8.39880473798967,0.07154156867716738,-0.23996228265060138,4.194320497461396,0.39424209631994533,0.2536780346708538,0.2586381440994174,0.030182418605412886,0.06325930630437056,0.3612836197659444,1.5242998966478951,0.9808222045288998,2.714826111309226,0.7205127500891694,0.1823907359983723
UnicornRecorder_12_05_2025_12_45_530.csv,C3 (ch2),1.0125143915201142,7.709453822111665,9.31008510603683,-23.743873099531086,20.30396385884979,7.775658404810971,-0.18247220482319462,0.7152403702474452,-4.3765188597509335,0.45509964685457127,0.19150740820485318,0.24265081377893755,0.03757243136201986,0.07316969979961817,0.4563847507329094,1.8755331571613076,0.7892304386801785,1.729309398293329,0.5419106718077122,0.25507320961382735
UnicornRecorder_12_05_2025_12_45_530.csv,Cz (ch3),0.04828689263531355,3.7988692366761447,5.11638525958539,-9.458965508914606,12.399893877641825,3.7991761082325164,0.1880453031798708,0.10454983708647392,-1.9659864358518462,0.4006538135319541,0.1897637760299899,0.20647231634155688,0.054591819706594255,0.14851827438990495,0.9837158690102759,1.94047231430858,0.9190761230966824,0.9342902275444351,0.46331036488367255,0.5125986703554628
UnicornRecorder_12_05_2025_12_45_530.csv,C4 (ch4),0.3209802733580189,7.913256010892822,9.857501584438147,-19.385534678945184,23.83755867426137,7.919763192786534,0.26008003027667703,0.007052710469046097,-6.033559804714065,0.37936464529987485,0.16606402144243704,0.35250407964950586,0.03243891843690428,0.06962833517127796,0.2895491414160867,1.076199304351531,0.4710981546867604,1.627005876732285,0.365320048346072,0.19682516798326083
UnicornRecorder_12_05_2025_12_45_530.csv,Pz (ch5),0.9243268455096948,9.079668523873957,11.17709049104164,-23.444187597746673,23.34448161132253,9.126596332738583,-0.044775715137112274,0.12146929163858822,-11.86052033835267,0.4475148194360068,0.18169094578099068,0.2830635484809172,0.02999661939696864,0.05773406690511673,0.3099328287690132,1.5809694389745,0.6418733417144293,2.0710079156951933,0.49000477552548916,0.18876780619714803
UnicornRecorder_12_05_2025_12_45_530.csv,PO7 (ch6),0.7422436038705085,8.738449454449102,9.839615983073134,-25.829909315820434,22.521191096592403,8.769915873909422,-0.43639388031056775,0.6333645343449006,-2.009568059344046,0.4074015827468589,0.16422921753947012,0.3287623955189891,0.0375829818632231,0.06202382233145885,0.3029750529632235,1.2391976342176507,0.4995377201830382,1.6487750898872666,0.38338241322962435,0.20204563638868747
UnicornRecorder_12_05_2025_12_45_530.csv,Oz (ch7),0.6704356413661984,8.999135715982112,12.223353778456064,-24.46804261665612,20.448589851963753,9.02407488798043,-0.4524537487520374,0.03719473763413639,-4.109437307063088,0.37544703657387635,0.168211721496656,0.3644911252025566,0.03564421480107403,0.05620590192583701,0.251995481853962,1.0300581018679982,0.46149744085861255,1.8313718859692192,0.36860950981646073,0.172422800621476
UnicornRecorder_12_05_2025_12_45_530.csv,PO8 (ch8),0.46805789133763753,7.8086849762807296,9.895260120050562,-19.491053195752382,21.28096082959894,7.822700253009558,-0.17367835113465904,-0.11461738077213024,-4.821870975297886,0.4067984803142105,0.1523347974879446,0.3372424521643884,0.037740696489879204,0.06588357354357732,0.3072693528599567,1.2062493250876882,0.4517070627089652,1.470068714971514,0.34553480636622486,0.21166071361985056
UnicornRecorder_12_05_2025_12_50_080.csv,Fz (ch1),-0.2912280620435704,5.6407100145248945,8.295484026688907,-13.484855378502647,14.635274314996083,5.648223017204888,0.23164303129274133,-0.4517884340629341,-7.064846125933668,0.4685026434513617,0.2557858374627095,0.1883315832437414,0.02767467083845989,0.05970526500372745,0.46396857254207324,2.487647771988509,1.3581675099692005,2.9272834203571847,0.9277299632264941,0.19674962468978
UnicornRecorder_12_05_2025_12_50_080.csv,C3 (ch2),-0.1315619489807667,7.201999144263665,9.042900132688276,-19.765359962455005,22.851491586047388,7.203200692774995,0.18825751440000174,0.802839395141314,-11.556536001832992,0.4467438589659441,0.20590830778399546,0.2388536624495727,0.036103156753247406,0.07239101404724017,0.4542286255434459,1.870366375731256,0.8620688737710575,1.8978743859211107,0.5928014746985893,0.2439376072183319
UnicornRecorder_12_05_2025_12_50_080.csv,Cz (ch3),1.0353796444086711,11.10382410435772,17.182918119100595,-21.33493889704657,29.731144564445987,11.151991783917856,0.2627341112765346,-0.6511055644164587,17.32008938083223,0.5303234954578093,0.2151412756297425,0.1289517343974499,0.05188871171565204,0.07369478279934612,0.9738798404054787,4.1125735759649995,1.6683860564964768,1.7131333736221892,0.8452318233078226,0.3649696182583708
UnicornRecorder_12_05_2025_12_50_080.csv,C4 (ch4),-0.39362703526105436,5.8332470880605385,7.328337021947352,-15.93247080174416,15.905610954288194,5.846512963575396,-0.020459085059577276,0.30051047136262854,-9.879137740204357,0.3773863369265001,0.17442560018399847,0.3441908600733977,0.03064921677918519,0.07334798603691849,0.3021498095385989,1.0964449690675213,0.5067699942607503,1.6772143428937414,0.38917948652952467,0.20052815671235827
UnicornRecorder_12_05_2025_12_50_080.csv,Pz (ch5),-0.11605964974651699,7.453732485237065,8.699104006273563,-19.24849934219822,24.699381895482666,7.454635994049449,0.17637992450240103,0.8208401924811413,-12.640836430240183,0.43393665594511577,0.21394465153008121,0.25261009475550666,0.03342055891652342,0.0660880388527728,0.3939216992321999,1.7178120152526342,0.8469362704493322,2.1500117208574987,0.6075924285530828,0.21328386124355259
UnicornRecorder_12_05_2025_12_50_080.csv,PO7 (ch6),0.17774992147655405,7.826156465829938,10.154308254756707,-14.623724124862566,28.204017702104878,7.82817475930607,0.5474346356011742,0.5722944494466407,-8.485508361359162,0.43794387565243875,0.19895889561943034,0.25327631127913003,0.0391091906671149,0.07071172678188593,0.43360121953122455,1.7291150263547184,0.7855408767390105,1.811666668254013,0.5479493641864197,0.24284026491912308
UnicornRecorder_12_05_2025_12_50_080.csv,Oz (ch7),0.31180467963684977,7.1598650861271755,9.160084478804784,-17.236762679953376,23.520268888086143,7.166651254929763,0.29657211769248376,0.4059228708158664,-8.178597407622657,0.4049091624899923,0.20298522187200035,0.28566073021498933,0.03763289196649361,0.06881199345652446,0.37262694575802296,1.4174477611439842,0.7105814709611395,1.9069513867700216,0.5176799662553078,0.21783642117241678
UnicornRecorder_12_05_2025_12_50_080.csv,PO8 (ch8),0.04032580697301901,6.033709468230783,7.955303445083192,-14.6971378723794,14.278137297866998,6.033844223853134,0.06472026188297522,-0.4169598348001289,-8.69544511152378,0.4136003513149972,0.1587297018615073,0.3148873439374329,0.03866926707842479,0.07411333580763779,0.3581681037916599,1.3134867414588065,0.504084095209131,1.4073952701895194,0.37115000256732317,0.23813037112253985
UnicornRecorder_12_05_2025_13_00_030.csv,Fz (ch1),0.10032787225388352,8.274038022105353,12.115640050491159,-24.088668081721302,19.02355452004059,8.274646268765576,-0.24384408917928466,-0.3469027682184844,6.471834747088179,0.6506069116122307,0.20584802077702066,0.07125957906548558,0.02391032385106207,0.04837516469420109,1.0143967939922127,9.130097597325701,2.888706661989289,2.847708785258114,1.4340306093638748,0.26085711321647814
UnicornRecorder_12_05_2025_13_00_030.csv,C3 (ch2),-0.1813269174436281,7.317837571483828,9.418247988624326,-23.289591802058787,18.15945477574543,7.320083754548847,-0.531727384214707,0.4754214299840491,7.410665384588754,0.5209863924547713,0.14873806527864109,0.24793739012026933,0.02564240966216787,0.056695742484150484,0.3320925178182194,2.101282070453559,0.5999017139225806,1.8064294789410296,0.45034538209488295,0.20757057444735594
UnicornRecorder_12_05_2025_13_00_030.csv,Cz (ch3),0.9159675341853407,12.88418681293024,17.201277495822538,-26.947863520745727,37.647192903987666,12.916704934083118,0.3511038372152052,-0.21443917825666414,4.072761101933187,0.46315831555414316,0.28167011387359997,0.14784623519958132,0.04582411744498508,0.061501217927690456,0.7259253861134468,3.1327028038888796,1.9051558092998884,2.6244512807300455,1.103845985827953,0.2498748548321018
UnicornRecorder_12_05_2025_13_00_030.csv,C4 (ch4),-0.6105951813930702,10.099369664585714,12.920374097239225,-35.333600481682794,32.94771318770553,10.117810736394242,-0.23730408501663114,0.9825722591309702,17.604631551959702,0.4880560512159333,0.1623503571135011,0.2693451595285701,0.024186921945485988,0.05606151019650941,0.2979390172908723,1.812009735278588,0.60275951272954,2.023096935105606,0.46439740596415063,0.1858912799609435
UnicornRecorder_12_05_2025_13_00_030.csv,Pz (ch5),-0.6509203066487752,10.484872726094828,12.636080299465885,-34.482115181960914,20.329810879666898,10.505058463807563,-0.6004546547194854,0.658489992999594,16.190700385357058,0.5814497584790521,0.18764657758369438,0.15404956522288482,0.027304399254217907,0.04954969946015084,0.4988920196118261,3.7744329731654114,1.2180922244876193,2.4415949275664555,0.8126617585188515,0.22491942134059392
UnicornRecorder_12_05_2025_13_00_030.csv,PO7 (ch6),-0.3313906869491487,9.197243591253324,10.647592963737177,-28.449911638346983,20.905182136921546,9.203211910210857,-0.5747753761902258,0.38064289094830484,17.49513835494966,0.5499797605710982,0.19851074662201368,0.1592382531541024,0.03479682100655136,0.0574744186462345,0.5794539805927826,3.4538168416031088,1.2466272562655245,2.1513826775168967,0.7892773525428417,0.257921726435379
UnicornRecorder_12_05_2025_13_00_030.csv,Oz (ch7),-0.49892994869262963,11.646227370252744,16.15564883206281,-33.3538208628088,25.193526998494782,11.656909669947973,-0.40651163415163055,-0.06354605362615695,19.362379503706883,0.5587005455354547,0.21842039730273174,0.13250998984724055,0.03750281802762535,0.052866249286947706,0.6819792788358964,4.216290003338864,1.6483315526212776,2.416981869940235,0.9799951600843106,0.2575128020360154
UnicornRecorder_12_05_2025_13_00_030.csv,PO8 (ch8),-0.6814243858104633,10.621708127529013,12.618678920058908,-29.161809058254555,30.352502469274956,10.643543711564915,0.004430972530347993,0.20624264636628942,16.311974126942754,0.5776322366860028,0.180094200874745,0.1497968289803632,0.0390665238206648,0.053410209638224106,0.6173477375212771,3.8561045692210505,1.2022564302636438,1.9474541772694316,0.7433506118518483,0.28032509249950116
UnicornRecorder_12_05_2025_13_07_250.csv,Fz (ch1),0.2191967208056095,5.839463857088001,7.648391240918918,-12.025275749536652,17.196301018941597,5.843576416942711,0.35838725036075125,-0.11919241085747467,-1.9309427848386576,0.6042395220812744,0.2662767071710409,0.06872002311218814,0.022651794612111063,0.03811195302338559,0.8842218742606859,8.792772393205247,3.8748052621625826,4.382163996341278,2.0564485080521338,0.18138609169147063
UnicornRecorder_12_05_2025_13_07_250.csv,C3 (ch2),0.05392918209582987,5.404930714333227,7.254452266036244,-10.425761579308539,16.45621506928491,5.405199754257396,0.38882693854836425,-0.09335205692495663,1.2732725813377308,0.6497522608040414,0.19362379597924512,0.09274195503484996,0.021261952307205356,0.042620035874658097,0.6888143360559771,7.0060229004217325,2.0877691860872076,3.0309607056690866,1.2362336945593095,0.22307831140993936
UnicornRecorder_12_05_2025_13_07_250.csv,Cz (ch3),-0.6042080316328066,7.510492237537362,9.720956331573548,-21.74273830415566,20.197771992734893,7.534756863734793,-0.2558791774553639,0.26044821694961895,-4.3691092309633275,0.5116746372150929,0.2347543408126834,0.1597059752476011,0.041612604314407324,0.05225244241021537,0.5877365989537866,3.203854060073927,1.46991582781252,2.5009771901717124,0.9257932510852853,0.2379581491545464
UnicornRecorder_12_05_2025_13_07_250.csv,C4 (ch4),0.21848366415218515,5.294987307318333,6.494917424236804,-15.838761610300562,14.801376529059766,5.299492965950952,-0.22430179980695997,0.34639321262924305,0.6464875200688714,0.684073157159617,0.17560715600425852,0.08679350893991698,0.01792858809808422,0.03559758979812342,0.6167071541405391,7.881616557675624,2.0232752212590346,3.280771445044657,1.2514791043493787,0.20398644152672052
UnicornRecorder_12_05_2025_13_07_250.csv,Pz (ch5),0.31217661886376175,4.820469361710236,6.32118690445439,-13.773821291543902,12.731317912985922,4.830567162202829,-0.02713937718389931,0.23848771878476827,2.741103757441798,0.6886702785371097,0.18296990971840243,0.07259131270738915,0.020128310445415767,0.03564018859168309,0.7682530726768647,9.486951714361396,2.520548298333469,3.2808828079931907,1.4254454508130694,0.2182197224905378
UnicornRecorder_12_05_2025_13_07_250.csv,PO7 (ch6),0.471219658448005,5.150048455897925,7.082166717623337,-10.48417838993268,14.32672838322554,5.171561375890695,0.3177866934421394,-0.3911431050816869,1.9036605683564596,0.6782542414489344,0.17860203437858732,0.07567657156466977,0.025442643289496084,0.04202450931831245,0.8915196766036654,8.962539230114688,2.3600703716600338,2.647244288147359,1.2477112455407702,0.26532768007570406
UnicornRecorder_12_05_2025_13_07_250.csv,Oz (ch7),0.3020225260053916,5.469782496964278,7.384561390928546,-11.842598567857594,17.941058021213397,5.478114472180318,0.1991673011598019,0.11844202427596029,1.857283925726788,0.6570379175054989,0.1893196859395017,0.08006064095172223,0.028606613368839573,0.044975142234437694,0.9190752750486743,8.206753152297427,2.3647036007826157,2.5729161310072026,1.232209925023727,0.2731519278057364
UnicornRecorder_12_05_2025_13_07_250.csv,PO8 (ch8),0.176936197257627,4.248370090781631,4.813940393748287,-11.980853586698945,12.90635648771553,4.252053015444176,0.4379823988330641,0.6922063556954852,-1.0673966665417791,0.7082724407991317,0.16122401305598807,0.06806942261297246,0.024151440465119176,0.03828268306678865,0.9172124741955623,10.405148356057179,2.3685232938241865,2.5823060200980046,1.2353994800800514,0.2722891885228075
UnicornRecorder_12_05_2025_13_10_580.csv,Fz (ch1),0.08417930733738717,9.695190980900628,12.881736871205746,-17.016087270324633,27.843846977363246,9.695556420954947,0.45532256245501157,-0.2265829987669008,3.6082005582662426,0.6003164323220765,0.2722624045743275,0.061815883285001386,0.02142667097239187,0.04417860884620269,1.0613013408887522,9.711362200461084,4.404408545277351,4.1500075196258805,2.136712598934391,0.19637696373198352
UnicornRecorder_12_05_2025_13_10_580.csv,C3 (ch2),0.21906661079930428,9.669375942816142,13.799958121372303,-21.01004709675608,26.293168672935916,9.671857179646453,0.05436143805288124,-0.17032469573326958,5.277585011889791,0.6135349871007071,0.1886926827827838,0.12264839316406013,0.023511725313388528,0.051612211639060476,0.6125146446228592,5.0023891163418215,1.5384847523471408,2.5117517856155502,0.9540904062343988,0.24129144130431124
UnicornRecorder_12_05_2025_13_10_580.csv,Cz (ch3),0.5559859535654321,8.422806551604095,12.51724230423392,-17.726799171769876,20.33786674604203,8.441136806515278,0.21480433962648118,-0.5683897001450307,1.4544731047240487,0.7709746784340924,0.16944959889869898,0.03587841064225343,0.00937345419775293,0.014323857827202264,0.6604894587233262,21.48854045184844,4.722884761766479,7.150583100743864,2.844272655243284,0.11541197948557912
UnicornRecorder_12_05_2025_13_10_580.csv,C4 (ch4),0.25229607954419325,8.657510681414172,13.339183368023797,-20.259306816672023,19.935235081792552,8.661186091440007,-0.2130425667888361,-0.6379575454216257,5.4595646660202455,0.6191748849310179,0.20239957583807905,0.11468000234619274,0.01821226880319625,0.04553326808151385,0.5558557340474836,5.399153054268958,1.7649073220898701,3.1751175961406997,1.134364378051009,0.20103955369735033
UnicornRecorder_12_05_2025_13_10_580.csv,Pz (ch5),0.19752190281954757,8.18377391502747,11.848330248016328,-18.863750825281137,20.83197752386725,8.186157242221622,0.03851457599466694,-0.494272712515873,7.65712647409565,0.6691815077185417,0.19306050749994713,0.07462951925475482,0.022336900996909183,0.040791564529847196,0.8458913598419612,8.966713364911655,2.586918814804596,3.0582163828791358,1.4014469491996968,0.23582673696171813
UnicornRecorder_12_05_2025_13_10_580.csv,PO7 (ch6),0.042156900730205504,6.827012499451322,10.718820631685578,-13.48663462463974,17.789294582136947,6.827142657945838,0.2731222331227985,-0.5944443733055356,5.59365797174858,0.6590879917905623,0.18322194561801192,0.08470710062913459,0.026478792627752084,0.04650416933453913,0.8615920202702475,7.780787996465461,2.163005748717524,2.510475605425262,1.161911807294662,0.2723966026996914
UnicornRecorder_12_05_2025_13_10_580.csv,Oz (ch7),0.37803956989150583,7.172044402112606,9.683897742617674,-15.535983791966855,18.43224133941005,7.182000753430657,0.23046727859039964,-0.3127552950358581,5.7630870322969034,0.6648201377189706,0.184484017684449,0.0819664323596158,0.02631096627156678,0.04241844596539782,0.8385068162467326,8.110882938056507,2.250726454398457,2.6842077020590076,1.2242143648905586,0.2579444404225939
UnicornRecorder_12_05_2025_13_10_580.csv,PO8 (ch8),0.2517312003015484,7.2969303975045205,9.467900149116844,-20.8880477689658,17.871919592735086,7.301271247065865,-0.22269833967863303,-0.17463142227901374,5.755428786979673,0.6890202206538569,0.1713635185516259,0.07399957268610916,0.023223293062470236,0.042393395045937844,0.8867171218236687,9.31113783016745,2.3157365959194713,2.6115843925025453,1.2273893998911294,0.2674268887688219
